Id,Name,DeveloperName,LastRunDate,LastViewedDate,LastReferencedDate,FolderName
00Od2000003gAi5EAE,Sample Flow Report: Screen Flows,flow_screen_prebuilt_report,,,,Public Reports
00Od2000003gAi6EAE,Exercise Completion Status by Section,Exercise_Completion_Status_by_Section_sfdcSESv60,,,,Enablement Dashboard Reports Spring '24
00Od2000003gAi7EAE,Exercise Completion Status,Exercise_Completion_Status_sfdcSESv60,,,,Enablement Dashboard Reports Spring '24
00Od2000003gAi8EAE,Exercise Completion by Days to Complete,Exercise_Completion_by_Days_to_Complete_sfdcSESv60,,,,Enablement Dashboard Reports Spring '24
00Od2000003gAi9EAE,Exercise Completion by User,Exercise_Completion_by_User_sfdcSESv60,,,,Enablement Dashboard Reports Spring '24
00Od2000003gAiAEAU,Milestone Completion Status,Milestone_Completion_Status_sfdcSESv60,,,,Enablement Dashboard Reports Spring '24
00Od2000003gAiBEAU,Milestone Progress by User,Milestone_Progress_by_User_sfdcSESv60,,,,Enablement Dashboard Reports Spring '24
00Od2000003gAiCEAU,Milestone Progress,Milestone_Progress_sfdcSESv60,,,,Enablement Dashboard Reports Spring '24
00Od2000003gAiDEAU,Outcome Progress by User,Outcome_Progress_by_User_sfdcSESv60,,,,Enablement Dashboard Reports Spring '24
00Od2000003gAiEEAU,Outcome Progress,Outcome_Progress_sfdcSESv60,,,,Enablement Dashboard Reports Spring '24
00Od2000003gAiFEAU,Program Exercises,Program_Exercises_sfdcSESv60,,,,Enablement Dashboard Reports Spring '24
00Od2000003gAiGEAU,Program Milestones,Program_Milestones_sfdcSESv60,,,,Enablement Dashboard Reports Spring '24
00Od2000003gAiHEAU,Program Overview by User,Program_Overview_by_User_sfdcSESv60,,,,Enablement Dashboard Reports Spring '24
00Od2000003gAiIEAU,Exercise Completion Status by Section,Exercise_Completion_Status_by_Section_sfdcSESv61,,,,Enablement Dashboard Reports Summer '24
00Od2000003gAiJEAU,Exercise Completion Status,Exercise_Completion_Status_sfdcSESv61,,,,Enablement Dashboard Reports Summer '24
00Od2000003gAiKEAU,Exercise Completion by Days to Complete,Exercise_Completion_by_Days_to_Complete_sfdcSESv61,,,,Enablement Dashboard Reports Summer '24
00Od2000003gAiLEAU,Exercise Completion by User,Exercise_Completion_by_User_sfdcSESv61,,,,Enablement Dashboard Reports Summer '24
00Od2000003gAiMEAU,Milestone Completion Status,Milestone_Completion_Status_sfdcSESv61,,,,Enablement Dashboard Reports Summer '24
00Od2000003gAiNEAU,Milestone Progress by User,Milestone_Progress_by_User_sfdcSESv61,,,,Enablement Dashboard Reports Summer '24
00Od2000003gAiOEAU,Milestone Progress,Milestone_Progress_sfdcSESv61,,,,Enablement Dashboard Reports Summer '24
00Od2000003gAiPEAU,Outcome Progress by User,Outcome_Progress_by_User_sfdcSESv61,,,,Enablement Dashboard Reports Summer '24
00Od2000003gAiQEAU,Outcome Progress,Outcome_Progress_sfdcSESv61,,,,Enablement Dashboard Reports Summer '24
00Od2000003gAiREAU,Program Exercises,Program_Exercises_sfdcSESv61,,,,Enablement Dashboard Reports Summer '24
00Od2000003gAiSEAU,Program Milestones,Program_Milestones_sfdcSESv61,,,,Enablement Dashboard Reports Summer '24
00Od2000003gAiTEAU,Program Overview by User,Program_Overview_by_User_sfdcSESv61,,,,Enablement Dashboard Reports Summer '24
00Od2000003gAiUEAU,Sample Report: Orchestration Runs,flow_orchestration_run_ootb_report_two_four_eight,,,,Public Reports
00Od2000003gAiVEAU,Sample Report: Orchestration Stage Runs,flow_orchestration_stage_run_ootb_report_two_four_eight,,,,Public Reports
00Od2000003gAiWEAU,Sample Report: Orchestration Step Runs,flow_orchestration_step_run_ootb_report_two_four_eight,,,,Public Reports
00Od2000003gAiXEAU,Sample Report: Orchestration Work Items,flow_orchestration_work_item_ootb_report_two_four_eight,,,,Public Reports
00Od2000003gAiYEAU,Sample Report: Orchestration Run Logs,flow_orchestration_log_ootb_report_two_four_eight,,,,Public Reports
